{"count":1,"self":87.2069312,"total":87.43652809999999,"children":{"InitializeActuators":{"count":1,"self":0.0048468999999999995,"total":0.0048468999999999995,"children":null},"InitializeSensors":{"count":1,"self":0.0035085,"total":0.0035085,"children":null},"AgentSendState":{"count":4006,"self":0.0742179,"total":0.0955877,"children":{"CollectObservations":{"count":802,"self":0.0045512999999999994,"total":0.0045512999999999994,"children":null},"WriteActionMask":{"count":802,"self":0.0034990999999999998,"total":0.0034990999999999998,"children":null},"RequestDecision":{"count":802,"self":0.013319399999999999,"total":0.013319399999999999,"children":null}}},"DecideAction":{"count":4006,"self":0.058875,"total":0.058875,"children":null},"AgentAct":{"count":4006,"self":0.065774199999999991,"total":0.065774199999999991,"children":null}},"gauges":{},"metadata":{"timer_format_version":"0.1.0","start_time_seconds":"1713634464","unity_version":"2022.3.21f1","command_line_arguments":"D:\\Unity\\2022.3.21f1\\Editor\\Unity.exe -projectpath D:\\Unity Projects\\AdvancedRLProject -useHub -hubIPC -cloudEnvironment production -licensingIpc LicenseClient-csaba -hubSessionId 9876ee76-a53b-484f-88f4-5e4c8eddeab3 -accessToken -HnEvL4dvT-3ydTLsiMm2ywRrvj76RKyfyfliX3oHZ0007f","communication_protocol_version":"1.5.0","com.unity.ml-agents_version":"2.0.1","scene_name":"Pellet Grabber","end_time_seconds":"1713634551"}}