{"count":1,"self":37.6171552,"total":37.7244272,"children":{"InitializeActuators":{"count":1,"self":0.0036284,"total":0.0036284,"children":null},"InitializeSensors":{"count":1,"self":0.0019976,"total":0.0019976,"children":null},"AgentSendState":{"count":1595,"self":0.031147599999999998,"total":0.0468482,"children":{"CollectObservations":{"count":319,"self":0.0061506999999999994,"total":0.0061506999999999994,"children":null},"WriteActionMask":{"count":319,"self":0.0015096999999999999,"total":0.0015096999999999999,"children":null},"RequestDecision":{"count":319,"self":0.0080401999999999991,"total":0.0080401999999999991,"children":null}}},"DecideAction":{"count":1595,"self":0.0261968,"total":0.0261968,"children":null},"AgentAct":{"count":1595,"self":0.026001299999999998,"total":0.026001299999999998,"children":null}},"gauges":{"PelletSearch.CumulativeReward":{"count":14,"max":8.819996,"min":-4.54999733,"runningAverage":0.143569618,"value":0.9900006,"weightedAverage":1.14929724}},"metadata":{"timer_format_version":"0.1.0","start_time_seconds":"1713440282","unity_version":"2022.3.21f1","command_line_arguments":"D:\\Unity\\2022.3.21f1\\Editor\\Unity.exe -projectpath D:\\Unity Projects\\AdvancedRLProject -useHub -hubIPC -cloudEnvironment production -licensingIpc LicenseClient-csaba -hubSessionId 3e09689c-bf3d-48f3-84ab-a67b73e5aba1 -accessToken 1j_j6op3tyYDuvF3NeDLW45oMaVcCK6CRiEggylXTZg007f","communication_protocol_version":"1.5.0","com.unity.ml-agents_version":"2.0.1","scene_name":"Pellet Grabber","end_time_seconds":"1713440319"}}