{"count":1,"self":140.2958464,"total":1876.3293205,"children":{"InitializeActuators":{"count":15,"self":0.0019943,"total":0.0019943,"children":null},"InitializeSensors":{"count":15,"self":0.0035015999999999997,"total":0.0035015999999999997,"children":null},"AgentSendState":{"count":103717,"self":367.63230719999996,"total":401.3090516,"children":{"CollectObservations":{"count":311160,"self":3.5468604,"total":3.5468604999999997,"children":null},"WriteActionMask":{"count":311160,"self":0.9500386999999999,"total":0.9500386999999999,"children":null},"RequestDecision":{"count":311160,"self":4.5129592,"total":29.1798419,"children":{"AgentInfo.ToProto":{"count":311160,"self":3.2425164,"total":24.666882899999997,"children":{"GenerateSensorData":{"count":311160,"self":13.15462,"total":21.4243666,"children":{"RayPerceptionSensor.Perceive":{"count":311160,"self":8.2697463999999989,"total":8.2697463,"children":null}}}}}}}}},"DecideAction":{"count":103717,"self":1327.471616,"total":1327.4715675,"children":null},"AgentAct":{"count":103717,"self":6.1536083999999995,"total":6.1536085,"children":null},"AgentInfo.ToProto":{"count":11731,"self":0.19748,"total":1.0922481,"children":{"GenerateSensorData":{"count":11731,"self":0.56117,"total":0.8947681,"children":{"RayPerceptionSensor.Perceive":{"count":11731,"self":0.3335981,"total":0.3335981,"children":null}}}}}},"gauges":{"PelletSearch.CumulativeReward":{"count":11731,"max":4,"min":-1,"runningAverage":1.52340043,"value":2,"weightedAverage":1.9995749}},"metadata":{"timer_format_version":"0.1.0","start_time_seconds":"1714219298","unity_version":"2022.3.21f1","command_line_arguments":"D:\\Unity\\2022.3.21f1\\Editor\\Unity.exe -projectpath D:\\Unity Projects\\AdvancedRLProject -useHub -hubIPC -cloudEnvironment production -licensingIpc LicenseClient-csaba -hubSessionId 6916da41-3555-4d83-b192-e03f873f2673 -accessToken c67mSh4m5M0z-vh-XgjusjhJM6Q9ibixp6SO8tDPdVk007f","communication_protocol_version":"1.5.0","com.unity.ml-agents_version":"2.0.1","scene_name":"Training","end_time_seconds":"1714221174"}}